id,pk,NAME,REC_DATE,CLASS,LAT84,LNG84
2116,2,外婆家(天一店),2014,4,29.8734038138828,121.550024787322
2119,4,金橘餐厅(东门银泰店),2014,4,29.8720984629079,121.55387521805
2121,5,曹操餐厅,2014,4,29.8709616521843,121.545622586282
2128,6,宁海食府(孝闻街店),2014,4,29.879436823209,121.539369484371
2132,7,贴阁碧(南塘店),2014,4,29.8584387853466,121.536757479325
2135,8,绿茶餐厅,2014,4,29.871124704129,121.55397152052
2139,9,贴阁碧(东渡路店),2014,4,29.8710288289866,121.554566912461
2142,10,贴阁碧(月湖盛园店),2014,4,29.8660844127107,121.542700002366
2147,11,汉唐餐厅(天一广场店),2014,4,29.87219123751,121.549707086729
2152,12,贴阁碧(解放店),2014,4,29.874017511168,121.544734955755
2155,13,玲珑小镇(天一店),2014,4,29.8701975645451,121.552308648136
2160,14,贴阁碧(和义店),2014,4,29.8774067108189,121.548632949137
2167,15,宁海食府(望京路店),2014,4,29.880322056929,121.536606285225
2170,16,第二乐章(亿彩店),2014,4,29.8701975645451,121.552308648136
2172,17,王阿姨文昌油赞子(鼓楼里巷店),2014,4,29.8770965466794,121.543051101196
2174,18,遇见餐厅,2014,4,29.8941276343015,121.515378976102
2179,19,汤彩餐厅,2014,4,29.8772652435854,121.550347285716
2183,20,涌上外婆桥(南塘店),2014,4,29.8584387853466,121.536757479325
2185,21,皇家范,2014,4,29.8759767040716,121.551538322923
2188,22,涌煲记(亚细亚店),2014,4,29.8762198463261,121.551114265316
2193,23,上海小南国(天一广场店),2014,4,29.8714081062405,121.55060338617
2197,24,贰楼饭局,2014,4,29.8762523746547,121.542516683724
2199,25,南田雅叙(东门银泰店),2014,4,29.8726852793332,121.553796988226
2206,26,东福园饭店,2014,4,29.8766589160476,121.542327122355
2209,27,贴阁碧(翠柏店),2014,4,29.8813603508295,121.528593330394
2215,28,美宴摩登餐厅(月湖盛园店),2014,4,29.8662229644284,121.541641026746
2218,29,梅龙镇(南塘老街店),2014,4,29.8709616521843,121.545622586282
2224,30,汉唐餐厅(月湖盛园店),2014,4,29.8661788403297,121.543329738836
2227,31,美好饭店,2014,4,29.8661788403297,121.543329738836
2231,32,红灯笼龙凤饭店,2014,4,29.8772614613607,121.537924437581
2235,33,老院子风味餐厅,2014,4,29.8585507401302,121.537967052566
2240,34,老外婆渔村(联丰店),2014,4,29.8668323205737,121.498986161082
2242,35,绿茶致青春餐厅(天一酷购店),2014,4,29.8705896119878,121.548392875013
2244,36,海角时光餐厅,2014,4,29.8779018413056,121.541891803756
2250,38,都市厨房(天一店),2014,4,29.87219123751,121.549707086729
2252,39,阳光豪生大酒店中餐厅,2014,4,29.8838361001695,121.509584497926
2257,40,青花瓷主题餐厅,2014,4,29.8787185915657,121.53204447566
2262,41,衢州农家菜馆,2014,4,29.8613870313561,121.54416340607
2266,42,小城故事(天一广场店),2014,4,29.8722102610007,121.549719115461
2273,43,一茶一坐台湾特色餐餐厅(宁波天一乐购店),2014,4,29.871995576175,121.552370654865
2279,45,蟹满香(灵桥路店),2014,4,29.8614393663004,121.54386859623
2284,46,小城故事(月湖盛园店),2014,4,29.8661948613243,121.542899547747
2290,47,天港大酒店,2014,4,29.8748474965418,121.51670110107
2296,48,竹林人家(海曙776店),2014,4,29.8534524149312,121.519318797525
2298,49,南苑新芝宾馆芝苑餐厅,2014,4,29.890483277741,121.529872691631
2305,50,味道人家,2014,4,29.8676132394014,121.54534009548
2309,51,江南烟云,2014,4,29.8584387853466,121.536757479325
2311,52,美好饭店,2014,4,29.7086343447938,121.777549747256
2318,54,华侨豪生大酒店中餐厅,2014,4,29.8705639442202,121.534731410057
2320,55,浙海大酒店餐厅,2014,4,29.8721405185481,121.503482769204
2323,56,川味鱼香(天一广场莱迪美食城店),2014,5,30.182259423171,121.324173176298
2326,57,采采小食(亿彩购物中心店),2014,4,29.8701975645451,121.552308648136
2329,58,乡村酒店(天一店),2014,4,29.8740826610262,121.546633020447
2331,59,三当家,2014,4,29.8773326673775,121.542235813491
2338,60,蟹满香(城隍庙店),2014,4,29.8691322224982,121.547220955982
2342,61,城市桃花,2014,4,29.8584387853466,121.536757479325
2347,63,五丰堂,2014,4,29.859025973178,121.538076336071
2349,64,千岛湖鱼头馆,2014,4,29.8574829056817,121.53597220506
2351,65,天一人家,2014,4,29.8851341832763,121.518875744547
2353,66,绿茶致青春餐厅(亚细亚店),2014,4,29.8697592627601,121.547728226371
2355,67,疯炸机台湾鸡排(鼓楼店),2014,4,29.8784592264989,121.5420722659
2357,68,海俱大酒店中餐厅,2014,4,29.8717776129909,121.531896567587
2359,69,老纪厨房,2014,4,29.8937899026484,121.515809496142
2365,70,好兄弟郭巨海鲜(西河总店),2014,4,29.8837244449991,121.536838707313
2370,71,江南美景大酒店(月湖店),2014,4,29.8682042546078,121.544460673782
2377,72,翡翠轩中餐厅,2014,4,29.8801734833168,121.548598641812
2379,73,军基厨·饭普军校(鼓楼店),2014,4,29.8782798892808,121.542792289423
2381,74,魔石咕噜鱼,2014,4,29.87217455699,121.554458570938
2385,75,三市里胡同餐厅,2014,4,29.8584387853466,121.536757479325
2387,76,叶叶食府,2014,4,29.8800325802361,121.525331827472
2391,77,格威咖啡(灵桥路店),2014,4,29.8680875399367,121.554315562843
2394,78,侬家大院,2014,4,29.8626126373204,121.51408300078
2397,79,煲煲饭,2014,5,30.182259423171,121.324173176298
2402,80,浙一家格纳多餐厅(盛园店),2014,4,29.8658043170454,121.542214670875
2407,81,银苑饭店,2014,4,29.8778464740073,121.537533236829
2409,83,小岛人家,2014,4,29.8778962861403,121.543396993024
2411,84,衢州农家菜,2014,4,29.8908027769744,121.520237929074
2413,85,嘉和大酒店中餐厅,2014,3,29.8558001299359,121.526072195504
2414,86,东唐小镇(联丰店),2014,4,29.8741117626471,121.494955226966
2420,87,雍盛阁,2014,4,29.86575692386,121.542477408546
2425,88,春晓食府酒店,2014,4,29.8580499446525,121.537217879266
2431,89,乡村酒店(马园路店),2014,4,29.870514766219,121.532311964282
2434,90,家和木水果连锁超市(天一和义大道店),2014,4,29.8764844720163,121.550934802685
2439,92,江枫渔家,2014,4,29.8463535555553,121.50457474
2441,93,永耀大酒店中餐厅,2014,4,29.8742158997135,121.547683757351
2443,94,海鲜超市,2014,4,29.8662039423749,121.541630999999
2446,96,鼓楼新时代美食小吃广场,2014,4,29.8783828127434,121.542324979288
2448,98,天马游船水上餐厅,2014,4,29.8463318386199,121.544042270849
2451,99,艾尚餐厅(天一店),2014,4,29.8695628788406,121.563397723472
2453,100,姐妹饭店,2014,4,29.8677093076823,121.517871703564
2454,101,竹林人家,2014,4,29.889501650337,121.548436485911
2457,102,小鱼驿站衢州餐厅,2014,4,29.8682445554099,121.552755875529
2463,103,云海宾馆,2014,4,29.8625909167443,121.541518971261
2468,104,阿英饭店,2014,3,29.8793877678419,121.509727360892
2470,105,海味人家,2014,4,29.8893296606825,121.525905969194
2472,106,诚池私房家常菜馆,2014,4,29.879476514133,121.530120357936
2478,107,山水人家(海曙776店),2014,4,29.8534524149312,121.519318797525
2482,108,亚洲华园宾馆中餐厅,2014,4,29.8706920672956,121.532820530108
2486,111,膳塘,2014,3,29.8574829056817,121.53597220506
2492,112,春鹤饭店,2014,3,29.881305386645,121.541346997052
2493,113,一页厨房(天一店),2014,4,29.8731560633515,121.549164640426
2495,114,奇迹骨头饭,2014,4,29.8882741047126,121.535189388861
2497,115,米道好广式肠粉(恒茂广场店),2014,2,29.8925055728605,121.517748289278
2500,117,宜宾燃面(灵桥路店),2014,4,29.8613811054668,121.545095933922
2504,119,卤泰卤味鸡爪(城隍庙店),2014,4,29.8683234466676,121.54637178802
2509,120,宁波饭店中餐厅,2014,2,29.8719168093731,121.532749211284
2515,122,新状元楼(农贸店),2014,3,29.9110494155222,121.633312934432
2520,123,雨花石郭巨海鲜(繁景店),2014,4,29.893813562797,121.528912358808
2526,124,牛家村,2014,5,29.9801379209331,121.445071159911
2531,128,阿拉宁波年糕干,2014,4,29.8574829056817,121.53597220506
2532,129,保国寺桂苑餐厅,2014,2,29.9823728262894,121.515991997288
2534,131,70年代家常菜,2014,4,29.8676038553487,121.552375013367
2537,132,山味馆,2014,3,29.8586607007535,121.537543795671
2538,133,豪润阁,2014,4,29.8919698489264,121.514046513577
2539,134,老地方烧烤,2014,4,29.867854105172,121.552511320963
2541,136,老宁波小海鲜,2014,3,29.8860798023846,121.529232000345
2542,138,海航饭店,2014,4,29.9024503437148,121.522760497519
2544,139,筷乐熊餐厅,2014,4,29.8686910975344,121.551515845612
2545,142,味道人家,2014,4,29.8709616521843,121.545622586282
2546,143,豫香楼信阳特色土菜,2014,4,29.8677684822518,121.498727162059
2549,145,传世骨头饭(宝善店),2014,4,29.8682063972847,121.520363165869
2555,147,大宋海鲜排档,2014,3,29.8727863878552,121.545552253246
2559,148,宁波饭店明州厅,2014,4,29.8719168093731,121.532749211284
2562,150,鼓楼食府(呼童街店),2014,3,29.8776015799544,121.541771489335
2564,152,传世骨头饭(狮子街店),2014,4,29.8682168890991,121.552412053843
2566,153,阿庞饭店,2014,4,29.8691976189207,121.516971487245
2568,154,米道好广式肠粉(城隍庙店),2014,4,29.8688387217405,121.547446567652
2570,155,邻家食堂,2014,4,29.8739688479536,121.543103494815
2573,158,蟹之味,2014,4,29.8937899026484,121.515809496142
2576,159,三味馆(天一广场店),2014,4,29.8707661115929,121.547686037055
2579,160,稻花香酒店,2014,4,29.878001943388,121.527627483713
2583,161,鼓楼食府,2014,4,29.8762523746547,121.542516683724
2584,162,山味馆,2014,4,29.8709616521843,121.545622586282
2585,163,全德福小吃城,2014,3,29.8692895902089,121.54693018227
2587,164,皇家大锅菜,2014,3,29.8759767040716,121.551538322923
2588,165,传世骨头饭(国医店),2014,4,29.8763083222565,121.547941258061
2590,166,丽园小海鲜,2014,3,29.8930579400633,121.51684513546
2593,168,宁波影都,2014,4,29.876237088643,121.544155203954
2597,174,国新饭店,2014,4,29.7860755633743,121.407842055967
2599,175,新舟宾馆中餐厅,2014,3,29.8681034656637,121.572911912031
2601,176,维多利大酒店,2014,4,29.8931813684256,121.485731306421
2607,180,原食部落(天一店),2014,4,29.870362917393,121.554059787044
2609,182,宁海小海鲜,2014,4,29.8637879235761,121.522577984195
2610,184,凯洲大酒店,2014,3,29.8690292031986,121.54959605811
2613,187,老灶头地锅城,2014,2,29.8686855035196,121.54781052481
2621,190,富浩饭店,2014,4,29.8680438959721,121.54474445598
2623,191,博府丽景湾大酒店,2014,4,29.8626126373204,121.51408300078
2626,192,开心食府,2014,4,29.8955186885272,121.533978118327
2628,195,外婆湾特色餐饮,2014,4,29.8885408464582,121.522348231332
2630,198,东亚饭店,2014,3,29.8777075694149,121.518170927896
2632,199,古塘人家,2014,2,29.9618958325407,121.692153231111
2635,200,新远洋大酒店,2014,4,29.8939761963581,121.521146751573
2638,203,喜福门城市大食堂,2014,4,29.8658354459421,121.523889193646
2640,204,青瓦阁餐厅,2014,4,29.8858158946289,121.496215757551
2642,205,天胜人家,2014,3,29.8698470413597,121.517478179778
2645,207,宁波小蟹票务,2014,4,29.8731848429258,121.541773847215
2647,208,中央楼,2014,4,29.8578129794142,121.536818711608
2652,211,张星记,2014,3,29.8584387853466,121.536757479325
2654,213,牛蛮香(大梁街),2014,3,29.8730503927999,121.54465581827
2656,214,饶一家黄焖鸡米饭,2014,4,29.8707320976897,121.554701246205
2658,216,王升大,2014,3,29.8781699432674,121.543252572886
2663,222,林记全牛馆,2014,4,29.8723306123498,121.55557411661
2664,223,孙家名厨,2014,4,29.8534097098973,121.519070955569
2667,227,角落头宁海小海鲜,2014,4,29.8607832343667,121.543790434206
2668,232,里山人农家菜,2014,2,29.9391879150405,121.498250678295
2671,233,望京酒楼,2014,3,29.8821634895738,121.534816744894
2673,237,蟹满楼煲莊,2014,3,29.8741906024861,121.516379041551
2675,247,忆江南金丝酥饼,2014,4,29.8707802710792,121.54364724709
2677,252,毛氏饭店(毛氏饭店),2014,4,29.8613892997309,121.543837515081
2678,254,嘉和宴,2014,2,29.8556151524225,121.524981627092
2680,263,上埂沿饭店,2014,4,29.894078565412,121.528170953993
2681,264,百芳饭店,2014,2,29.8477128293409,122.027285062211
2689,278,旺千家(鼓楼店),2014,4,29.876974192654,121.542455455591
2691,282,鱼得水时尚海鲜餐厅,2014,4,29.8767111964791,121.543770112961
2697,305,临安小核桃,2014,4,29.8752622547931,121.548834634247
2698,306,金华牛杂面,2014,2,29.8779840603211,121.541556854137
2700,315,怡湘园,2014,2,29.902510478256,121.771579075295
2703,325,小弟粉丝,2014,3,29.8778843073988,121.548932675937
2704,326,活鲜煮,2014,3,29.854316208492,121.520674333058
2706,341,M8生鲜馆,2014,2,29.8827374343148,121.48247097215
2711,603,BABY DOLL(和义店),2014,4,29.8762284346025,121.550908758786
2713,604,渔人码头,2014,4,29.8663168340711,121.498813587555
2716,612,外婆家(世纪东方店),2014,4,29.8645910467176,121.589931689668
2718,613,1818餐厅,2014,4,29.8697191509571,121.565632876098
2723,614,涌上外婆桥(百丈东路店),2014,4,29.8641301887811,121.571564218026
2725,615,涌上外婆桥(世纪东方店),2014,4,29.8645910467176,121.589931689668
2727,616,渔沧米缸(世纪东方店),2014,4,29.8645910467176,121.589931689668
2735,617,贴阁碧(百丈东路店),2014,4,29.8661635560121,121.567204944191
2738,618,鸡毛兑糖粗菜馆,2014,4,29.8639474475477,121.581299695121
2745,619,涌上外婆桥(镇安街店),2014,4,29.8649514212251,121.558595355508
2748,620,汉唐餐厅(世纪东方店),2014,4,29.8643150339049,121.589842658014
2754,621,涌上外婆桥(常青藤店),2014,4,29.8835648257913,121.587215386523
2761,622,竹林人家(常青藤店),2014,4,29.8840383629236,121.588504254452
2764,623,汉雅凯利时尚餐厅,2014,4,29.8709584269279,121.608500732485
2768,624,甬江壹号,2014,4,29.8873554686051,121.567303441354
2770,625,甬尚人家私菜馆(书城店),2014,4,29.879187552573,121.560995225373
2775,626,上海小南国(东部新城店),2014,4,29.8709616521843,121.545622586282
2780,627,阿毛饭店,2014,4,29.8661207442272,121.567342185285
2783,629,阿毛饭店(文化广场店),2014,4,29.8590039811267,121.612573035993
2787,630,竹林人家(中山东路店),2014,4,29.8652115749801,121.584665792833
2791,631,和堂悦宴,2014,4,29.8859921698841,121.617042268353
2793,632,宁波私家菜,2014,4,29.8858788451318,121.616186849716
2800,633,蟹满香(彩虹店),2014,4,29.8635717858029,121.56243733539
2802,634,海天楼中餐厅.甬菜,2014,4,29.8736841341018,121.606424060411
2807,635,甬记餐厅(世纪东方店),2014,4,29.8645910467176,121.589931689668
2815,637,锦绣人家主题餐厅,2014,4,29.8585004434131,121.580803604292
2820,638,E见如故海鲜吧(江东店),2014,4,29.8840680265282,121.587716709005
2822,639,阿尔卑斯庄园,2014,4,29.8515177368364,121.639606883564
2829,640,理想主义时尚餐厅,2014,4,29.8674936111156,121.586894413486
2835,641,江南美景大酒店(江东店),2014,4,29.863285805295,121.575820316825
2838,642,薄荷餐厅,2014,5,30.0055792874956,121.148205818674
2840,643,千岛湖味道-排岭土菜馆,2014,4,29.8624176950305,121.580173617777
2842,644,粗菜馆,2014,4,29.869016306772,121.567153629862
2844,645,研磨时光,2014,4,29.8600645042668,121.613206630914
2846,647,九膳源和丰馆,2014,4,29.8877090493169,121.567750181928
2849,648,汉通海鲜大酒店(和丰店),2014,4,29.888825340027,121.568012540592
2854,649,香格里拉大酒店香宫中餐厅,2014,4,29.869826411825,121.557611847717
2859,650,恒涛名厨(兴宁店),2014,4,29.859651613664,121.549987785159
2861,651,衢州人家（衢州土家菜馆）,2014,4,29.8764110624075,121.578047078226
2865,652,和丰花园酒店和壁轩中餐厅,2014,4,29.8856132830908,121.566371945778
2867,653,章记稻园,2014,4,29.8742765827471,121.6005394428
2872,654,汉唐餐厅(波特曼店),2014,4,29.8679615115046,121.565110061848
2877,655,御宴府大酒店,2014,4,29.8552053090747,121.56438773124
2879,656,元一私房煲仔饭,2014,4,29.8799762116004,121.577321913951
2885,657,甬尚人家私菜馆,2014,4,29.8592022363295,121.57132423985
2891,658,老外婆渔村(江东店),2014,4,29.8912385373819,121.583735916837
2896,659,新晴小阁小资餐厅(国际金融中心店),2014,4,29.8706673222531,121.610712958954
2899,660,天港禧悦酒店悦中餐厅,2014,4,29.8693729183015,121.600211803518
2901,661,食悦香,2014,4,29.867813478157,121.620234294966
2903,662,嵊州风味滋味馆(甬港店),2014,4,29.8638491348655,121.569841544334
2905,663,酒足饭饱,2014,4,29.8624176950305,121.580173617777
2908,664,阿六头海鲜,2014,3,29.8785706521251,121.571004218299
2914,665,甬上老娘舅,2014,4,29.857347429439,121.593272973361
2918,666,米多砂锅馆(宋诏桥),2014,4,29.8493183998783,121.561557719196
2920,667,洲际酒店陆园餐厅,2014,4,29.8875327662721,121.621910311531
2925,668,新倍司大酒店,2014,4,29.8621308906383,121.568006638251
2930,669,甬上老祥门,2014,4,29.8684091063185,121.596793302655
2933,670,海俱王府大酒店中餐厅,2014,4,29.85930258432,121.549961747649
2936,671,衢州土菜馆,2014,4,29.871030792948,121.600413689187
2938,672,谷雨堂,2014,4,29.8798546242216,121.622472412517
2940,673,青瓦阁,2014,4,29.8559944903393,121.553863465868
2944,674,天河长廊,2014,4,29.8812349235058,121.575015830448
2951,677,楠木小坐,2014,3,29.8719447371402,121.617321181726
2953,678,弄堂里,2014,4,29.8641764965381,121.570152015103
2956,680,衢州农家菜,2014,4,29.8906727169413,121.609769750605
2962,681,凯利大酒店中餐厅,2014,4,29.8699294344779,121.563781426213
2963,682,宏阳新城酒店,2014,4,29.8710492891264,121.606433265823
2966,683,江山土菜馆,2014,4,29.858880395019,121.593658014152
2971,684,中信国际大酒店御膳阁,2014,4,29.8694704215761,121.556476372533
2973,685,新金轩,2014,4,29.8898849087357,121.598140908301
2975,686,文鼎玺悦宴会酒店(中信泰富店),2014,4,29.8742625853247,121.587734493782
2978,688,甬上人家,2014,5,30.3115790548662,121.198908397643
2982,689,每天饭店,2014,4,29.8704916037622,121.563917639891
2988,690,特别饭店,2014,4,29.8826599930311,121.582229161374
2990,691,石浦家常菜,2014,4,29.8568750266809,121.551088735937
2995,694,宁海粗菜馆,2014,4,29.8504802246039,121.574361359665
2997,695,衢州土菜馆,2014,4,29.8379576777776,121.584850095902
2998,696,梅山海鲜,2014,4,29.8853961032546,121.588054841441
3000,697,衢州江郎山农家菜,2014,4,29.861685254635,121.56076614364
3003,698,水浒饭庄,2014,4,29.8706598665423,121.5641009726
3006,700,HOT COOKING特色餐厅,2014,3,29.8709616521843,121.545622586282
3009,703,江南印象大酒店餐厅,2014,4,29.8878187667344,121.590126976683
3012,704,阿毛饭店,2014,4,29.8571355477915,121.574170570228
3013,705,衢州土菜馆,2014,2,29.8554838854616,121.560892891625
3016,706,沈家门大酒店,2014,4,29.8891229661195,121.58126267316
3024,708,小山村饭庄(惊驾路店),2014,3,29.8764324279605,121.576267862424
3029,711,云宾饭店(江东店),2014,4,29.856762952351,121.551047643784
3034,712,城市故事,2014,3,29.8703120043474,121.597701362295
3037,713,江南小镇,2014,4,29.859664643423,121.550002821753
3039,714,家和木水果连锁超市(杨木碶路店),2014,4,29.8858788451318,121.616186849716
3042,717,甬南至美,2014,3,29.8695566467667,121.601950862927
3044,718,添滋久饭店,2014,4,29.8518160411711,121.594600933598
3047,720,功夫煲仔,2014,4,29.8644652204284,121.570763957329
3049,722,新丽新哈尔滨啤酒美食广场,2014,4,29.8709616521843,121.545622586282
3053,724,江南人家,2014,3,29.8908981275811,121.61253954119
3058,726,山水人家(江东店),2014,3,29.8698280323111,121.597353324954
3062,728,丽都老太婆(飞越广场店),2014,2,29.8612826799382,121.562272191868
3064,730,衢州土菜馆,2014,4,29.8696169952756,121.56347687069
3066,733,海特酒楼,2014,4,29.8622201068852,121.559485454693
3067,734,金纬酒店（餐饮）,2014,2,29.8492972676812,121.564069600677
3069,736,衢州妈妈菜,2014,4,29.8537606748794,121.560077355866
3071,737,小庄园,2014,4,29.8903087086051,121.614709415718
3072,738,江南古镇,2014,4,29.8925925085486,121.585518354737
3074,739,小强面馆,2014,4,29.863506390929,121.588047559851
3077,741,衢州土菜馆,2014,4,29.8759313009994,121.56600205063
3078,745,李氏黄焖鸡米饭,2014,4,29.8724989642404,121.586210493744
3081,746,亚太四季酒店四季餐厅,2014,4,29.8559944903393,121.553863465868
3084,747,川江南,2014,4,29.890274721533,121.613224242856
3086,752,上海特色菜饭(新天地店),2014,3,29.8735185548236,121.601068532045
3088,754,吊锅子湘菜馆,2014,4,29.8743497099993,121.56551930441
3091,756,传世骨头饭(兴宁店),2014,4,29.8553564414803,121.565172171087
3093,757,煲来香,2014,2,29.8888091748762,121.612631660223
3095,758,水家大院,2014,2,29.8541441077411,121.557986902544
3098,759,妙食川香,2014,4,29.8510977193938,121.551732768
3099,760,水晶芋,2014,4,29.8693458339992,121.565394472588
3101,761,宁歌饭店,2014,4,29.8822160328063,121.578387025557
3103,764,澳洋美食,2014,3,29.8422714639947,121.592845971292
3111,768,滋味馆(中兴路店),2014,4,29.8571355477915,121.574170570228
3113,769,欢唐沸腾鱼,2014,4,29.8553171307993,121.5541772523
3115,770,怪味居龙虾馆,2014,4,29.8841129395601,121.587527570346
3116,771,鄂西印象,2014,4,29.8587464049023,121.593662026335
3119,774,哈尔滨啤酒美食广场,2014,1,29.6470552935373,121.402744657308
3120,775,鹰龙海畔专卖店,2014,4,29.8603847946731,121.58632553748
3122,776,卫东家常菜,2014,3,29.8922041782516,121.608678004073
3126,780,竹海农庄,2014,3,29.8702754026242,121.564447652941
3127,781,正宗奉化牛肉面馆,2014,3,29.8568189724892,121.551059668919
3129,786,晶晶饭店,2014,2,29.8597453470688,121.583687353114
3131,788,甬香居餐厅,2014,3,29.8677085260484,121.562441015706
3134,789,半岛人家,2014,4,29.8787078965291,121.589116074431
3135,790,永兴老太婆饭店,2014,3,29.8480599748701,121.573026658876
3137,791,小山村,2014,4,29.8715148431522,121.579825517865
3138,792,渔家村,2014,4,29.8628254130076,121.569218604277
3142,794,康王食府,2014,5,30.1884231474574,121.212612625445
3147,803,田缘人家,2014,2,29.8900503732019,121.613766970441
3148,804,大阿福粗菜馆,2014,4,29.8627590544539,121.577099995416
3151,809,弯弯家常菜,2014,3,29.8699467256501,121.579560345328
3152,810,好再来蒸饺馆,2014,4,29.8766168582183,121.588710976216
3154,811,阿良饭店,2014,2,29.8798455132155,121.575527625318
3158,813,共度食光(朝晖路店),2014,4,29.8776759972753,121.576947629083
3160,815,象山小海鲜面,2014,4,29.8602688395726,121.584560090291
3165,817,更上一层风雅小厨,2014,4,29.8684823186028,121.591635327619
3170,830,好再来饭店(北二路店),2014,2,29.8995116145967,121.649663929539
3173,841,鲜味天下,2014,4,29.859713031199,121.551188756688
3174,842,兄弟龙虾,2014,3,29.8584011210705,121.554821499572
3176,844,司丹尔咖啡,2014,4,29.8677196691871,121.564520991605
3178,845,天府土菜,2014,4,29.859651613664,121.549987785159
3185,867,林记家常菜,2014,2,29.8883228469331,121.836592361276
3186,868,蟹中王,2014,2,29.8644449811007,121.585295387337
3187,870,香吧岛龙虾(新河店),2014,4,29.8592078711465,121.571015763742
3189,871,伟刚饭店,2014,2,29.8793432989984,121.575284340802
3191,873,衢龙乡土菜馆,2014,4,29.8577105591434,121.550884166066
3193,876,天香阁,2014,4,29.8684808938513,121.566104823074
3195,879,瞿江农家菜,2014,4,29.8839021911846,121.585966402288
3197,882,咸祥饭店,2014,3,29.9770985077647,121.572013970756
3200,888,圆台面,2014,4,29.8594215540479,121.550940168529
3202,891,密诏品煲仔饭,2014,3,29.9010815668371,121.967934681357
3203,892,华御大酒店,2014,3,29.8572152982418,121.565864281062
3204,895,吉祥馄饨,2014,2,29.8658897796201,121.561261815591
3205,896,奉化牛肉馆(新河路店),2014,2,29.8584451029673,121.572026364765
3207,1099,桃妆,2014,4,29.8835636473228,121.552232404939
3213,1100,怡乡春竹鲍鱼先生,2014,4,29.898743587571,121.562272230008
3217,1101,外婆家(来福士店),2014,4,29.8849032671983,121.554154856766
3224,1102,走马楼,2014,4,29.9857141785898,121.447872002701
3227,1103,涌上外婆桥(来福士店),2014,4,29.8849032671983,121.554154856766
3229,1104,宁海食府(北岸琴森店),2014,4,29.8933963017639,121.546947312945
3233,1105,涌上外婆桥(江北万达店),2014,4,29.929218540298,121.520347216109
3239,1106,竹林人家(江北店),2014,4,29.8911775676637,121.546094237268
3241,1107,滕头生态酒店(江北店),2014,4,29.9611591316422,121.496835852334
3246,1108,南田雅叙(江北万达店),2014,4,29.8273814345869,121.539725653251
3252,1109,老外婆渔村(江北店),2014,4,29.8996418103288,121.565109557317
3256,1110,宁海食府(日湖店),2014,4,29.8978742845373,121.557256850413
3260,1111,水上四季游轮餐厅,2014,4,29.8789059853934,121.556543775753
3262,1112,谢老家食堂,2014,4,29.894308335157,121.546983334969
3269,1113,美宴摩登餐厅(槐树路店),2014,4,29.8840476756054,121.549761282368
3271,1114,秦山陇水-西北菜,2014,4,29.9184563109345,121.526237723409
3273,1115,台海岸,2014,4,29.888856994628,121.560355153394
3275,1116,i觅小馆,2014,4,29.9009775265873,121.546750192668
3280,1117,汉唐餐厅(江北万达店),2014,4,29.9184563109345,121.526237723409
3283,1118,贴阁碧(北岸琴森店),2014,4,29.89501832266,121.547461528025
3285,1119,小城故事(江北万达店),2014,4,29.9184563109345,121.526237723409
3288,1120,老外婆渔村(孔浦店),2014,4,29.9124756195479,121.594020939417
3290,1121,蜗牛小镇,2014,4,29.9195838001378,121.527168668466
3295,1122,甬记餐厅(江北万达店),2014,4,29.9184563109345,121.526237723409
3297,1123,尚坐IPIEN餐厅(江北万达店),2014,4,29.9184563109345,121.526237723409
3300,1124,蟹满香(江北店),2014,4,29.9198329780541,121.526868672597
3303,1125,竹林人家(江北万达店),2014,4,29.9184563109345,121.526237723409
3309,1126,白沙码头海鲜广场,2014,3,29.8709616521843,121.545622586282
3312,1127,新晴小阁小资餐厅(慈城店),2014,4,29.9613609715096,121.438530388968
3315,1128,三江弄堂里,2014,4,29.8815937766669,121.557071732537
3322,1129,金港大酒店中餐厅,2014,4,29.8792224907892,121.554642437974
3328,1130,贴阁碧(庄桥店),2014,4,29.9267689224107,121.544641507798
3332,1132,贴阁碧(甬江店),2014,4,29.9052802246543,121.578743625131
3339,1133,老墙门(江北店),2014,4,29.8864209536363,121.548029683689
3343,1134,句章楼大酒店,2014,2,29.9900423213529,121.446425344466
3348,1135,甬丰楼,2014,4,29.8867364175759,121.557591464777
3351,1136,沈家门胖子海鲜,2014,4,29.8709616521843,121.545622586282
3352,1137,九洲石锅鱼,2014,2,29.9384382257452,121.500673383874
3358,1138,一号码头(白沙码头店),2014,3,29.8918302402062,121.565152253244
3360,1139,江南美景大酒店(江北店),2014,4,29.8805748062761,121.557056780257
3363,1140,洪塘大酒店,2014,5,29.9467384152242,121.49781852489
3365,1141,葛家庄,2014,4,29.9380413538302,121.497720882501
3366,1142,衢州土菜馆(江北万达店),2014,4,29.9195393423788,121.526999120737
3370,1144,采采小食(天水广场店),2014,4,29.9137933481739,121.536142226909
3372,1145,阿明小海鲜,2014,4,29.8982932288339,121.534241704219
3374,1146,学府状元楼农家菜馆,2014,3,29.9142439596223,121.616963095252
3377,1147,壹品轩,2014,4,29.899291148659,121.54653977217
3380,1148,四季海味,2014,4,29.9184482865995,121.526228694514
3382,1149,六横海鲜(江北天水店),2014,4,29.9128256080195,121.533845329179
3384,1151,老宁波小海鲜,2014,4,29.9405505073704,121.501118802745
3393,1154,灶梁头,2014,4,29.9325449197127,121.500182107836
3397,1156,远洲大酒店中餐厅,2014,2,29.9267306142999,121.522472585551
3398,1157,福锦楼(江北店),2014,4,29.8981188549857,121.558162802249
3400,1158,毛竹园饭店,2014,3,29.8910323987202,121.553336449523
3402,1159,农佳厨房,2014,4,29.9385776370886,121.499482120753
3405,1160,维也纳国际大酒店中餐厅,2014,4,29.9200334484991,121.51568495404
3408,1164,农佳厨房,2014,4,29.9326739644577,121.49986596909
3411,1167,天香阁时尚餐厅,2014,4,29.8990868619908,121.535700070045
3415,1169,甬上天合酒店,2014,4,29.908760098621,121.534764463942
3416,1174,最忆江南,2014,4,29.9151111323622,121.535274505501
3417,1175,芦苇大酒店,2014,4,29.9456122714936,121.503745767605
3424,1178,星光大酒店餐厅,2014,4,29.9810175472897,121.444876662272
3427,1182,三碧酒店(清河路店),2014,4,29.8940807304505,121.552037099143
3428,1183,香渔港宁海店,2014,4,29.7251195991663,121.590311861266
3429,1185,宁大食府,2014,3,29.9110494155222,121.633312934432
3431,1187,达达与岛(江北店),2014,2,29.8902040096701,121.562927185003
3433,1188,新知味堂,2014,2,29.9801379209331,121.445071159911
3438,1206,百思味黄焖鸡米饭,2014,3,29.9172882005555,121.526181633455
3442,1220,冒子私房菜,2014,5,29.9375594690486,121.500081341829
3444,1221,长兴饭庄,2014,2,29.9324971990146,121.500274441254
3450,1417,老宁波弄堂菜馆,2014,4,29.8242551368341,121.549352993055
3454,1418,外婆家(宁波印象城店),2014,4,29.8358018175173,121.56241348185
3460,1420,宁海食府(四明中路店),2014,4,29.8289404740914,121.551208241648
3467,1421,腾格里餐厅(万达店),2014,4,29.8289308456541,121.540804621099
3471,1422,钱湖渔港,2014,4,29.7700543486864,121.638144442915
3478,1423,涌上外婆桥(和邦店),2014,4,29.8373185784288,121.549637676327
3482,1424,汉唐餐厅(鄞州万达店),2014,4,29.8295273388839,121.544540961829
3484,1425,超级巴士,2014,4,29.8326202508252,121.545985596575
3488,1426,汉唐餐厅(印象城店),2014,4,29.8358018175173,121.56241348185
3490,1427,天宫南铂玫瑰园,2014,4,29.8709616521843,121.545622586282
3495,1428,味道庭院餐厅,2014,4,29.8510233988571,121.540951282979
3497,1429,贴阁碧(钱湖天地店),2014,4,29.8339478300951,121.564296237881
3500,1430,名轩,2014,4,29.8264814557691,121.545830670956
3502,1431,元盛私家大厨,2014,4,29.8300448977215,121.560278644827
3508,1433,梅龙镇,2014,4,29.8517158409086,121.540310399597
3515,1434,向阳渔港(东钱湖店),2014,4,29.7852373662226,121.631647967109
3522,1435,蟹满香(鄞州万达店),2014,4,29.8318724319704,121.544675139467
3528,1437,宁波四季瑞丽酒店,2014,4,29.8396397406994,121.561928221726
3532,1438,甬苑,2014,4,29.8231500335928,121.547346931031
3537,1439,涌香海鲜世界,2014,4,29.8510233988571,121.540951282979
3539,1440,空客主题餐厅,2014,4,29.8268499529076,121.536217378903
3544,1441,南铂壹号大酒店,2014,4,29.8094162812775,121.544546571708
3547,1442,钱湖水上农家船餐厅,2014,4,29.7704614090337,121.650472745923
3550,1443,稻一味食尚粥道,2014,4,29.8100710877867,121.556935086731
3553,1444,鸿福楼酒家,2014,4,29.8096735261816,121.545120100628
3556,1446,欢唐时尚餐厅(联盛广场店),2014,4,29.8266284126032,121.53479410008
3559,1447,凤鹰山农家菜馆,2014,4,29.7683130893409,121.695755653557
3561,1448,老吃货,2014,4,29.8312309387835,121.55054342092
3566,1449,山水一号,2014,4,29.7702022143636,121.692058732771
3568,1450,竹林人家(利时百货),2014,4,29.8304438757515,121.549496866161
3570,1451,港府餐厅,2014,4,29.7969903162168,121.541766878285
3573,1452,甬记餐厅(印象城店),2014,4,29.8358018175173,121.56241348185
3576,1453,一日三餐本帮菜(鄞州店),2014,4,29.8266284126032,121.53479410008
3579,1454,江南美景大酒店(鄞州店),2014,4,29.8091402647029,121.544976756814
3581,1455,浙海大酒店餐厅,2014,4,29.8721405185481,121.503482769204
3583,1456,老渔夫蟹煲,2014,4,29.8318724319704,121.544675139467
3585,1457,江南小港酒店,2014,4,29.8581380093242,121.441981704635
3588,1458,钱湖悦庄中餐厅,2014,4,29.7841283248051,121.628581696216
3593,1459,棕榈湾海鲜城(鄞州店),2014,4,29.8332454942648,121.538299040214
3597,1460,小城故事(奥特莱斯店),2014,4,29.8620630040488,121.445987939902
3600,1461,舌尖上烤全羊,2014,4,29.8515188949415,121.539066827706
3603,1463,柏悦酒店宴会厅,2014,4,29.7700543486864,121.638144442915
3604,1464,娘家私房菜,2014,4,29.8254834875464,121.577664626537
3608,1465,纪家庄休闲会所,2014,4,29.7702022143636,121.692058732771
3614,1466,十里四香,2014,4,29.7676519509674,121.695891482696
3617,1468,东唐小镇(科技路店),2014,4,29.8345273157157,121.57149043911
3619,1469,小菜厰,2014,4,29.830454182346,121.551632157719
3623,1470,阿拉大食堂(鄞州万达店),2014,4,29.8273814345869,121.539725653251
3626,1471,天宫庄园西江古村,2014,4,29.8047360723555,121.572270960686
3628,1472,柠檬树餐厅,2014,3,29.8208860029104,121.524253997934
3630,1473,望湖酒家,2014,4,29.7704614090337,121.650472745923
3632,1474,隔壁人家,2014,4,29.8096735261816,121.545120100628
3635,1475,御记煌百味焖锅(联盛广场店),2014,4,29.8298695017896,121.537769752992
3637,1476,红灯笼迷踪菜谱,2014,4,29.8289205047864,121.553792441907
3639,1477,土灶头·(宁波店),2014,4,29.8515188949415,121.539066827706
3641,1478,赶潮人渔家食堂,2014,4,29.8303508604421,121.611504791357
3645,1480,千岛湖鱼莊,2014,4,29.8374670459587,121.557217544223
3646,1481,宁波甬味居,2014,4,29.8255621056477,121.547016877574
3648,1482,醉海楼酒店,2014,3,29.8502369604463,121.630903761337
3650,1483,宁波天宫庄园南铂玫瑰生态酒店,2014,3,29.7954742718733,121.563363504428
3656,1484,东钱湖水上餐厅,2014,4,29.7920646567134,121.629979451736
3657,1485,阿婆香粥煲,2014,4,29.801219249433,121.543252681871
3662,1487,西城旧事80后饭吧,2014,4,29.8273814345869,121.539725653251
3665,1490,石浦大酒店,2014,4,29.8295273388839,121.544540961829
3670,1491,醉亨酒店,2014,4,29.8218261260016,121.548277444199
3674,1493,大灶米饭,2014,4,29.8291771284951,121.571790315937
3676,1494,锦香苑酒店,2014,3,29.8494760235964,121.630103782963
3677,1495,姐妹饭店,2014,4,29.8677223501637,121.517886754187
3681,1496,万字号中餐厅,2014,4,29.8286875767914,121.545519665559
3682,1497,顾家厨房,2014,4,29.831660335653,121.585069777701
3686,1498,小阿四农家饭店,2014,3,29.7682361734886,121.69512470355
3693,1499,双虹阁,2014,3,29.8008835593661,121.666338198485
3695,1500,柴扉园鲍鱼先生,2014,4,29.8516448081533,121.537794092784
3697,1501,金涛海鲜食府,2014,4,29.8289337091149,121.49782910203
3700,1502,浅水湾绿色食府,2014,4,29.8240483243719,121.642632439835
3702,1503,福来顿福海餐厅,2014,4,29.8215225131584,121.504854737618
3706,1504,十里农庄,2014,4,29.7565814232274,121.690779035017
3707,1505,宁海阿三海鲜排档,2014,4,29.8242400922762,121.548847712148
3711,1506,开元名都至乐轩中餐厅,2014,4,29.8171051833613,121.548089333992
3715,1508,山海人家,2014,4,29.8348506594067,121.571809898584
3722,1509,恒涛食府(鄞县大道店),2014,2,29.8267704621585,121.499676860653
3723,1510,衢州野鱼馆,2014,3,29.8292909922656,121.550982659662
3725,1511,牛蛮香(盛世天城店),2014,4,29.8250454865141,121.56629458868
3727,1513,天地野好生态农庄餐饮部,2014,4,29.6917662696079,121.753204237875
3730,1514,惠英农家菜馆,2014,5,30.0342370443518,121.538606905593
3731,1515,新兴霞屿酒家,2014,3,29.7704614090337,121.650472745923
3733,1516,晨光大酒店,2014,2,29.8344996217832,121.570076234328
3734,1517,丽都老太婆(堇山中路店),2014,3,29.832666829097,121.551048554529
3736,1518,蓝海湾酒店,2014,3,29.8325833173501,121.559459742961
3741,1519,锦江大厨,2014,4,29.8406164733665,121.561808907595
3743,1522,浙一家精致餐厅,2014,4,29.8312230843373,121.536831866688
3745,1523,正宗湘菜石锅鱼,2014,4,29.8299122344114,121.50435026593
3747,1524,衢州家常菜,2014,3,29.839192009966,121.585631651417
3751,1525,索菲特大饭店豪华厅,2014,3,29.8287404906495,121.545482562041
3752,1527,生活好大食堂,2014,4,29.8332758629662,121.538452487095
3755,1528,醉汉酒楼,2014,4,29.7917663611745,121.625113814402
3756,1532,都市厨房(万达广场店),2014,3,29.8320613665307,121.544653064696
3757,1535,豫香楼信阳特色土菜,2014,4,29.8677684822518,121.498727162059
3759,1537,顺风酒楼,2014,3,29.8072941474647,121.627322275173
3760,1540,唐卡逸餐厅,2014,4,29.8298120675226,121.55054553851
3761,1541,手工劲道面(宋诏桥店),2014,4,29.8498395743384,121.560450434329
3762,1542,甬记码头,2014,2,29.871808051132,121.511361731319
3764,1543,阿庞饭店,2014,4,29.8691976189207,121.516971487245
3765,1544,阅微堂,2014,4,29.8171051833613,121.548089333992
3767,1546,味道衢州,2014,4,29.8370585099067,121.552084732736
3773,1550,山水人家(横街店),2014,4,29.8557004053372,121.399808544412
3776,1553,辣妹子川菜馆,2014,4,29.8053114050719,121.597411408758
3781,1554,聆海轩,2014,4,29.827960547785,121.539375595961
3784,1555,英吉利,2014,4,29.8610628489451,121.444252224464
3787,1557,阿拉饭庄,2014,4,29.8369814959609,121.558023338064
3789,1559,爱香满溢,2014,4,29.8245311221784,121.547920309609
3791,1561,宁海土特菜,2014,3,29.8369814959609,121.558023338064
3792,1563,新味都酒店,2014,4,29.776999713038,121.355213082561
3795,1567,开心部落,2014,4,29.8310936035522,121.501513059003
3797,1568,首南大酒店-中餐厅,2014,2,29.7969903162168,121.541766878285
3798,1570,郭巨人农家食堂,2014,4,29.8092554663747,121.546909889061
3801,1572,云林饭店,2014,3,29.8076693457012,121.627116469232
3803,1573,江湖传奇粗菜馆,2014,4,29.7796726583711,121.669188430331
3807,1575,阿明农家乐,2014,1,29.7969757512458,121.257302412773
3808,1576,四明酒家,2014,4,29.8171354547135,121.296777520965
3811,1577,原食森林,2014,4,29.8320287981757,121.570047382996
3813,1580,相聚缘农家食府(学府1号店),2014,2,29.8111033531054,121.555478742807
3815,1581,乌岩人家,2014,2,29.8306306410597,121.57836306023
3818,1586,鼎灿瘦肉丸,2014,4,29.8282307814765,121.504149687161
3823,1591,郭巨人家,2014,3,29.809930424283,121.54645864817
3828,1596,乡村大院,2014,4,29.8187523157003,121.52611228601
3829,1597,人民公社饭堂,2014,3,29.8268359143478,121.536201331927
3832,1600,孝伦饭店,2014,3,29.8076424231176,121.79090868944
3835,1604,天童青松饭店,2014,3,29.7933176272086,121.763233908951
3838,1609,阿敏饭店,2014,4,29.8417768899862,121.559065186016
3839,1610,衢香居,2014,4,29.8452990665854,121.54062581119
3849,1618,鼎鲜楼酒店,2014,4,29.8332248358287,121.538439453018
3852,1619,涌宸滃记,2014,3,29.8480373609743,121.638018476405
3854,1620,吉祥三煲餐馆,2014,4,29.8306052961867,121.483235822869
3857,1621,宏阳大酒店餐厅,2014,4,29.7826624672329,121.364791759102
3858,1629,嘉宜饭店,2014,4,29.8095847456322,121.480606615503
3861,1633,潇洒饭店,2014,4,29.8536399949169,121.521643659496
3866,1644,小程饭店,2014,2,29.8619905860142,121.455030837853
3868,1649,醉鲜阁,2014,2,29.8304438757515,121.549496866161
3874,1663,香吧岛龙虾(鄞州万达店),2014,4,29.8258893204627,121.547131150683
3877,1666,青莲私房菜,2014,4,29.8273814345869,121.539725653251
3879,1670,鼎得发酒楼,2014,4,29.8184843665189,121.534079568229
3880,1671,安逸轩饭店,2014,4,29.8945299061289,121.472115868372
3883,1679,瞻岐人饭店,2014,3,29.8241073089872,121.49321711844
3884,1683,木子家常,2014,2,29.8073968081688,121.549843562405
3885,1684,林家铺子,2014,3,29.8255490713406,121.556091986384
3888,1685,原味道,2014,3,29.8402373432257,121.558089223008
3890,1686,太白楼,2014,2,29.8076424231176,121.79090868944
3893,1691,渔工房度假村,2014,5,29.9428083065243,121.39257044634
3894,1692,大头明丰食府,2014,4,29.8416822840079,121.432987607119
3895,1693,日日好餐饮中心,2014,4,29.862946550937,121.49698434407
3896,1695,田园食坊,2014,4,29.8219567796719,121.563542759221
3897,1700,豪享莱美食城,2014,6,29.4834756447516,121.86515915211
3903,1707,老胡嘴饭店,2014,4,29.8295906519246,121.427654748458
3904,1709,小味道大食堂,2014,3,29.8076469529533,121.541251579256
3905,1711,中心酒店,2014,4,29.8349539544488,121.432334121746
3908,1717,湖北饭店,2014,4,29.8290800310065,121.434202640286
3909,1718,阿云饭店(广泽南路店),2014,4,29.838652390993,121.424359864325
3910,1720,寻味坊,2014,4,29.8709616521843,121.545622586282
3916,1733,小许饭店,2014,3,29.8420205544588,121.558878771869
3919,1736,阿德杏花饭店,2014,3,29.8241412828894,121.560188926041
3924,2165,伯豪食养餐厅,2014,4,29.8339478300951,121.564296237881
3926,2167,新发现(宁波银泰城店),2014,4,29.8996308609662,121.827304970019
3928,2168,柯小姐主题餐厅,2014,4,29.8540577813547,121.56138700251
3933,2169,滕头东方恬园生态酒店,2014,4,29.8638696447957,121.808678708323
3935,2170,邂逅精致小菜,2014,3,29.8979647616706,121.82721186605
3937,2171,大煲口福,2014,3,29.8979647616706,121.82721186605
3939,2172,蟹煲去哪儿主题餐厅,2014,4,29.8540577813547,121.56138700251
3945,2173,老板娘新光大酒店中餐厅,2014,3,29.9121979779741,121.852512883452
3947,2174,汉唐盛世餐厅,2014,4,29.9157766109469,121.848238675729
3949,2175,福瑞祥—乡土味道,2014,3,29.8922080542181,121.831996461142
3951,2176,老外婆(北仑银泰店),2014,2,29.9266703824134,121.742240963303
3952,2177,渔家海鲜.农家菜,2014,4,29.8928236769907,121.831811944935
3955,2178,大榭国际大酒店中餐厅,2014,4,29.8981903008531,121.947876593437
3957,2180,炉山人家,2014,4,29.8997617588885,121.80343370592
3959,2181,膳香怡壹号,2014,3,29.890134660613,121.811254755618
3960,2182,名鼎海鲜大酒店2店(小港红联店),2014,3,29.9365470118545,121.724775067002
3961,2183,原食部落(北仑银泰城店),2014,3,29.8979647616706,121.82721186605
3968,2184,网岙农家乐,2014,1,29.6069334751705,121.333483403781
3972,2185,碧秀山庄,2014,4,29.882809261068,121.815264095216
3974,2186,娘舅大石头,2014,3,29.8917910867849,121.833600552383
3976,2187,戚家山宾馆中餐厅,2014,3,29.9544983401076,121.735844753262
3980,2188,福港海鲜酒店,2014,3,29.8998678328365,121.825173546086
3987,2189,福瑞祥—邻家厨房,2014,3,29.9120575930291,121.849308486642
3989,2190,紫金轩蔷薇小镇,2014,4,29.8979647616706,121.82721186605
3990,2192,衢州人家土菜馆,2014,3,29.9012314389877,121.818036488476
3992,2193,幸福灶间,2014,4,29.905256346159,121.82237905318
3993,2194,和宴,2014,2,29.8970293943475,121.838740041785
3994,2195,非常道私房菜馆,2014,3,29.8950747401634,121.837793835471
3996,2197,阿祥饭店(香港楼店),2014,4,29.9547007419033,121.739136981708
3997,2198,鼎角落,2014,3,29.8979647616706,121.82721186605
3998,2199,农家厨房,2014,2,29.8712921066943,121.912745877435
4000,2200,十方时尚餐厅,2014,3,29.8957410124053,121.839042897697
4004,2203,大别山羊骨头,2014,4,29.9026896068496,121.819242380333
4008,2205,大矸新侨酒店,2014,2,29.8928639224554,121.789360908075
4010,2206,老员外私房菜馆(九峰北路店),2014,3,29.8904764955379,121.844690185013
4017,2208,老板娘餐饮城,2014,3,29.9222325820262,121.821787210836
4018,2209,从前,2014,3,29.8979647616706,121.82721186605
4019,2212,名家美厨餐厅,2014,3,29.9099510496813,121.828699690869
4020,2215,海韵地中海风情主题餐厅,2014,3,29.8927056892232,121.815778573639
4021,2216,“君御•喜宴”君御轩,2014,3,29.914927864444,121.846071582245
4023,2219,忆口香龙虾蟹煲,2014,4,29.9010881585509,121.817881113284
4025,2221,避风塘餐厅,2014,3,29.8976541088076,121.813938663364
4028,2223,贝斯特大酒店(太河路店),2014,3,29.8937956883349,121.828658869694
4031,2229,一闻香迷踪蟹,2014,2,29.8950747401634,121.837793835471
4033,2230,大树下饭店,2014,3,29.9545802522455,121.708913141171
4034,2232,顺福园,2014,3,29.8927633934664,121.815618173755
4035,2233,林苑山庄,2014,4,29.8932407760688,121.754275571091
4037,2235,扬城(大碶店),2014,4,29.8934106470233,121.79487873416
4039,2238,黄焖鸡米饭,2014,4,29.7908859070338,121.632999816767
4042,2243,阿妈妮私房菜,2014,2,29.8996308609662,121.827304970019
4043,2244,好怡家私房菜,2014,2,29.8974477952921,121.814312594243
4044,2246,汉唐盛世餐厅(富邦店),2014,2,29.8974346805192,121.838363070029
4045,2249,家小吃,2014,3,29.9072912638176,121.836213909288
4047,2250,家乡大食堂,2014,2,29.9139557327004,121.851205747954
4052,2256,兴达美食,2014,3,29.906409329884,121.785470724199
4055,2257,小醉阁,2014,3,29.9113508088274,121.855466584321
4059,2264,贝斯特大酒店(东河路店),2014,2,29.911870402446,121.83854838953
4061,2265,海天味饭店,2014,2,29.7893319428403,121.935981447792
4063,2267,中慧饭店,2014,2,29.9445609582585,121.710749596792
4065,2272,舟山捕鱼人(坝头东路店),2014,3,29.890380580383,121.80779250575
4068,2279,新丰豪大酒店,2014,2,29.9140103259044,121.843497428976
4070,2281,九膳源•农家菜,2014,3,29.8891445497897,121.83164681824
4071,2282,衢州宋家土菜,2014,3,29.9153188020847,121.850683433075
4073,2284,华根膳坊,2014,4,29.9099367249956,121.82852725424
4075,2285,佳嘉土菜馆,2014,4,29.9152510915732,121.849087716811
4077,2286,阿军排挡,2014,3,29.9011963702143,121.817998396467
4078,2289,名师高徒美食,2014,3,29.9067396149958,121.785714127116
4079,2290,阳光酒店,2014,5,30.0747160013212,120.970972325273
4081,2292,风门口度假酒店中餐厅,2014,6,29.0972018280954,121.96133779312
4084,2298,三和美食,2014,3,29.9112672713912,121.847941328433
4088,2484,横溪人家农家乐,2014,5,30.0354295947843,121.548136096186
4090,2485,土豪私房菜,2014,4,29.8709616521843,121.545622586282
4096,2486,竹林农家菜馆,2014,5,30.0354295947843,121.548136096186
4098,2487,海尚大酒店,2014,4,29.9796061844236,121.591036249273
4100,2488,小厨娘海鲜酒楼(海尚店),2014,5,29.9725160289101,121.587597646651
4103,2489,四季永逸大饭店中餐厅,2014,4,29.9580871315336,121.579410220534
4105,2490,十七房开元湛房中餐厅,2014,5,30.0242396009715,121.597213108903
4108,2492,小厨娘海鲜酒楼(乐汇店),2014,4,29.9900400623837,121.58001837267
4111,2493,雅明农家菜,2014,4,30.0516861811182,121.503876632503
4114,2494,四季海悦酒楼,2014,3,29.9505678673424,121.702505449148
4120,2495,九龙阁中餐厅,2014,5,30.0342370443518,121.538606905593
4122,2496,衢州野鱼馆(城关店),2014,3,29.9621084876932,121.700685277484
4124,2497,丈母娘私房菜,2014,4,29.9301787042063,121.612292564621
4125,2498,好邻居,2014,4,29.9800477229259,121.587204766153
4127,2499,溢品农家乐,2014,4,30.0516861811182,121.503876632503
4129,2500,锦园,2014,5,30.0342370443518,121.538606905593
4130,2501,古塘大酒店,2014,3,29.9532214584102,121.68363518
4132,2502,外婆桥私房菜,2014,5,29.9740719988956,121.646951594127
4133,2503,十七房开元淳园餐厅,2014,4,30.0242396009715,121.597213108903
4136,2505,花园大酒店,2014,3,29.949166326067,121.714195105497
4139,2506,蛟川食府,2014,3,29.9402053564965,121.670686783094
4142,2507,醉百鲜海鲜楼,2014,3,29.9764735547995,121.58038384492
4143,2508,馨米凡,2014,4,29.9779224795441,121.565066279241
4145,2509,雄镇大酒店,2014,3,29.9503915756452,121.715580461555
4147,2510,山外山(庄市店),2014,3,29.927155026269,121.608103424305
4151,2513,秀江南,2014,3,29.798014339696,121.989817051165
4152,2514,盛业大唐,2014,3,29.9565475252003,121.715505047615
4154,2516,天山湖人家农庄,2014,4,30.0048987383652,121.504578935921
4156,2518,一串红酒店庄市店,2014,3,29.9229185352561,121.604400516284
4158,2520,学府状元楼农家菜馆,2014,3,29.9142439596223,121.616963095252
4161,2521,镇海夜宵城,2014,3,29.9507329228622,121.703110538537
4163,2522,宁大食府,2014,3,29.9110494155222,121.633312934432
4165,2523,江湖饭店,2014,4,29.9260551958358,121.613302381054
4166,2524,辛香苑餐厅,2014,3,29.9560803728743,121.686353968833
4167,2525,新状元楼(农贸店),2014,3,29.9110494155222,121.633312934432
4168,2526,新和梦大酒店,2014,3,29.9626727765889,121.674891921217
4169,2527,云来食府,2014,3,29.9303062414438,121.613021191909
4171,2528,十七房开元风味餐厅,2014,4,30.0242396009715,121.597213108903
4175,2530,沿江饭店,2014,3,29.9471981233595,121.680687157492
4176,2533,向石头农家菜馆,2014,3,29.7176111629225,121.597104212375
4178,2534,衢州风味小吃,2014,3,29.9133384657212,121.610250782373
4184,2537,新一串红酒店,2014,3,29.9565291534885,121.717490944559
4187,2541,小厨娘,2014,4,29.9759787430431,121.580618136321
4188,2543,山里山农家乐,2014,3,29.7176111629225,121.597104212375
4192,2544,骆驼大酒店,2014,5,29.9868109462435,121.581113804151
4198,2552,紫竹村,2014,3,29.8244490097904,121.536555581586
4201,2556,食神,2014,2,29.9221498930437,121.592181371733
4202,2557,农嫂坛子菜(风华路店),2014,3,29.9110494155222,121.633312934432
4206,2559,海伦宫,2014,3,29.9562042433845,121.720084433925
4209,2560,阿德酒家,2014,3,29.9403490776689,121.66134457758
4210,2561,材料技术与工程研究所招待餐厅,2014,3,29.9233013660738,121.629088145455
4211,2567,喜相逢,2014,3,29.9310627932298,121.613667790739
4215,2570,兴海酒楼,2014,3,29.9403490776689,121.66134457758
4219,2576,顶顶鲜私坊菜馆,2014,3,29.9318281870539,121.615889418036
4220,2583,富腾小厨,2014,2,29.8709616521843,121.545622586282